resourceId,resourceType,field,locale,issue,detail
gid://shopify/Product/10081146634570,PRODUCT,meta_title,fi,outdated_translation,Shopify flags this translation as outdated vs current sv source
gid://shopify/Product/10106452377930,PRODUCT,meta_description,de,outdated_translation,Shopify flags this translation as outdated vs current sv source
gid://shopify/Product/10106452377930,PRODUCT,meta_description,fi,outdated_translation,Shopify flags this translation as outdated vs current sv source
gid://shopify/Product/10106453066058,PRODUCT,meta_description,de,outdated_translation,Shopify flags this translation as outdated vs current sv source
gid://shopify/Product/10106453066058,PRODUCT,meta_description,fi,outdated_translation,Shopify flags this translation as outdated vs current sv source
gid://shopify/Product/10106453623114,PRODUCT,meta_description,de,outdated_translation,Shopify flags this translation as outdated vs current sv source
gid://shopify/Product/10106453623114,PRODUCT,meta_description,fi,outdated_translation,Shopify flags this translation as outdated vs current sv source
gid://shopify/Product/10106453655882,PRODUCT,meta_description,de,outdated_translation,Shopify flags this translation as outdated vs current sv source
gid://shopify/Product/10106453655882,PRODUCT,meta_description,fi,outdated_translation,Shopify flags this translation as outdated vs current sv source
gid://shopify/Product/10106456244554,PRODUCT,meta_description,de,outdated_translation,Shopify flags this translation as outdated vs current sv source
gid://shopify/Product/10106456244554,PRODUCT,meta_description,fi,outdated_translation,Shopify flags this translation as outdated vs current sv source
gid://shopify/Product/10106456277322,PRODUCT,meta_description,de,outdated_translation,Shopify flags this translation as outdated vs current sv source
gid://shopify/Product/10106456277322,PRODUCT,meta_description,fi,outdated_translation,Shopify flags this translation as outdated vs current sv source
gid://shopify/Product/10106457489738,PRODUCT,meta_description,de,outdated_translation,Shopify flags this translation as outdated vs current sv source
gid://shopify/Product/10106457489738,PRODUCT,meta_description,fi,outdated_translation,Shopify flags this translation as outdated vs current sv source
gid://shopify/Product/10106457653578,PRODUCT,meta_description,de,outdated_translation,Shopify flags this translation as outdated vs current sv source
gid://shopify/Product/10106457653578,PRODUCT,meta_description,fi,outdated_translation,Shopify flags this translation as outdated vs current sv source
gid://shopify/Product/10106467615050,PRODUCT,meta_description,de,outdated_translation,Shopify flags this translation as outdated vs current sv source
gid://shopify/Product/10106467615050,PRODUCT,meta_description,fi,outdated_translation,Shopify flags this translation as outdated vs current sv source
gid://shopify/Product/10106467647818,PRODUCT,meta_description,de,outdated_translation,Shopify flags this translation as outdated vs current sv source
gid://shopify/Product/10106467647818,PRODUCT,meta_description,fi,outdated_translation,Shopify flags this translation as outdated vs current sv source
gid://shopify/Product/10106468499786,PRODUCT,meta_description,de,outdated_translation,Shopify flags this translation as outdated vs current sv source
gid://shopify/Product/10106468499786,PRODUCT,meta_description,fi,outdated_translation,Shopify flags this translation as outdated vs current sv source
gid://shopify/Product/10106468532554,PRODUCT,meta_description,de,outdated_translation,Shopify flags this translation as outdated vs current sv source
gid://shopify/Product/10106468532554,PRODUCT,meta_description,fi,outdated_translation,Shopify flags this translation as outdated vs current sv source
gid://shopify/Product/10106469253450,PRODUCT,meta_description,de,outdated_translation,Shopify flags this translation as outdated vs current sv source
gid://shopify/Product/10106469253450,PRODUCT,meta_description,fi,outdated_translation,Shopify flags this translation as outdated vs current sv source
gid://shopify/Product/10106470007114,PRODUCT,meta_description,de,outdated_translation,Shopify flags this translation as outdated vs current sv source
gid://shopify/Product/10106470007114,PRODUCT,meta_description,fi,outdated_translation,Shopify flags this translation as outdated vs current sv source
gid://shopify/Product/10106470039882,PRODUCT,meta_description,de,outdated_translation,Shopify flags this translation as outdated vs current sv source
gid://shopify/Product/10106470039882,PRODUCT,meta_description,fi,outdated_translation,Shopify flags this translation as outdated vs current sv source
gid://shopify/Product/10106470072650,PRODUCT,meta_description,de,outdated_translation,Shopify flags this translation as outdated vs current sv source
gid://shopify/Product/10106470072650,PRODUCT,meta_description,fi,outdated_translation,Shopify flags this translation as outdated vs current sv source
gid://shopify/Product/10106471711050,PRODUCT,meta_description,de,outdated_translation,Shopify flags this translation as outdated vs current sv source
gid://shopify/Product/10106471711050,PRODUCT,meta_description,fi,outdated_translation,Shopify flags this translation as outdated vs current sv source
gid://shopify/Product/10106471743818,PRODUCT,meta_description,de,outdated_translation,Shopify flags this translation as outdated vs current sv source
gid://shopify/Product/10106471743818,PRODUCT,meta_description,fi,outdated_translation,Shopify flags this translation as outdated vs current sv source
gid://shopify/Product/10120926789962,PRODUCT,meta_description,de,outdated_translation,Shopify flags this translation as outdated vs current sv source
gid://shopify/Product/10120926789962,PRODUCT,meta_description,fi,outdated_translation,Shopify flags this translation as outdated vs current sv source
gid://shopify/Product/10120926953802,PRODUCT,meta_description,de,outdated_translation,Shopify flags this translation as outdated vs current sv source
gid://shopify/Product/10120926953802,PRODUCT,meta_description,fi,outdated_translation,Shopify flags this translation as outdated vs current sv source
gid://shopify/Product/10120926986570,PRODUCT,meta_description,de,outdated_translation,Shopify flags this translation as outdated vs current sv source
gid://shopify/Product/10120926986570,PRODUCT,meta_description,fi,outdated_translation,Shopify flags this translation as outdated vs current sv source
gid://shopify/Product/10157224362314,PRODUCT,meta_description,de,outdated_translation,Shopify flags this translation as outdated vs current sv source
gid://shopify/Product/10157224362314,PRODUCT,meta_description,fi,outdated_translation,Shopify flags this translation as outdated vs current sv source
gid://shopify/Product/10157224591690,PRODUCT,meta_description,de,outdated_translation,Shopify flags this translation as outdated vs current sv source
gid://shopify/Product/10157224591690,PRODUCT,meta_description,fi,outdated_translation,Shopify flags this translation as outdated vs current sv source
gid://shopify/Product/10167501455690,PRODUCT,meta_description,de,outdated_translation,Shopify flags this translation as outdated vs current sv source
gid://shopify/Product/10167501455690,PRODUCT,meta_description,fi,outdated_translation,Shopify flags this translation as outdated vs current sv source
gid://shopify/Product/10167501521226,PRODUCT,meta_description,de,outdated_translation,Shopify flags this translation as outdated vs current sv source
gid://shopify/Product/10167501521226,PRODUCT,meta_description,fi,outdated_translation,Shopify flags this translation as outdated vs current sv source
gid://shopify/Product/10167501652298,PRODUCT,meta_description,de,outdated_translation,Shopify flags this translation as outdated vs current sv source
gid://shopify/Product/10167501652298,PRODUCT,meta_description,fi,outdated_translation,Shopify flags this translation as outdated vs current sv source
gid://shopify/Product/10167501685066,PRODUCT,meta_description,de,outdated_translation,Shopify flags this translation as outdated vs current sv source
gid://shopify/Product/10167501685066,PRODUCT,meta_description,fi,outdated_translation,Shopify flags this translation as outdated vs current sv source
gid://shopify/Product/10167501750602,PRODUCT,meta_description,de,outdated_translation,Shopify flags this translation as outdated vs current sv source
gid://shopify/Product/10167501750602,PRODUCT,meta_description,fi,outdated_translation,Shopify flags this translation as outdated vs current sv source
gid://shopify/Product/10167501783370,PRODUCT,meta_description,de,outdated_translation,Shopify flags this translation as outdated vs current sv source
gid://shopify/Product/10167501783370,PRODUCT,meta_description,fi,outdated_translation,Shopify flags this translation as outdated vs current sv source
gid://shopify/Product/10167501848906,PRODUCT,meta_description,de,outdated_translation,Shopify flags this translation as outdated vs current sv source
gid://shopify/Product/10167501848906,PRODUCT,meta_description,fi,outdated_translation,Shopify flags this translation as outdated vs current sv source
gid://shopify/Product/10167501979978,PRODUCT,meta_description,de,outdated_translation,Shopify flags this translation as outdated vs current sv source
gid://shopify/Product/10167501979978,PRODUCT,meta_description,fi,outdated_translation,Shopify flags this translation as outdated vs current sv source
gid://shopify/Product/10167502045514,PRODUCT,meta_description,de,outdated_translation,Shopify flags this translation as outdated vs current sv source
gid://shopify/Product/10167502045514,PRODUCT,meta_description,fi,outdated_translation,Shopify flags this translation as outdated vs current sv source
gid://shopify/Product/10248530067786,PRODUCT,title,de,outdated_translation,Shopify flags this translation as outdated vs current sv source
gid://shopify/Product/10248530067786,PRODUCT,meta_title,de,outdated_translation,Shopify flags this translation as outdated vs current sv source
gid://shopify/Product/10248530067786,PRODUCT,meta_description,de,outdated_translation,Shopify flags this translation as outdated vs current sv source
gid://shopify/Product/10248530067786,PRODUCT,title,fi,outdated_translation,Shopify flags this translation as outdated vs current sv source
gid://shopify/Product/10248530067786,PRODUCT,meta_title,fi,outdated_translation,Shopify flags this translation as outdated vs current sv source
gid://shopify/Product/10248530067786,PRODUCT,meta_description,fi,outdated_translation,Shopify flags this translation as outdated vs current sv source
gid://shopify/Product/10248530198858,PRODUCT,title,de,outdated_translation,Shopify flags this translation as outdated vs current sv source
gid://shopify/Product/10248530198858,PRODUCT,meta_description,de,outdated_translation,Shopify flags this translation as outdated vs current sv source
gid://shopify/Product/10248530198858,PRODUCT,title,fi,outdated_translation,Shopify flags this translation as outdated vs current sv source
gid://shopify/Product/10248530198858,PRODUCT,meta_description,fi,outdated_translation,Shopify flags this translation as outdated vs current sv source
gid://shopify/Product/10248530559306,PRODUCT,meta_description,de,outdated_translation,Shopify flags this translation as outdated vs current sv source
gid://shopify/Product/10248530821450,PRODUCT,meta_title,de,outdated_translation,Shopify flags this translation as outdated vs current sv source
gid://shopify/Product/10248530821450,PRODUCT,meta_description,de,outdated_translation,Shopify flags this translation as outdated vs current sv source
gid://shopify/Product/10248530821450,PRODUCT,meta_title,fi,outdated_translation,Shopify flags this translation as outdated vs current sv source
gid://shopify/Product/10248530821450,PRODUCT,meta_description,fi,outdated_translation,Shopify flags this translation as outdated vs current sv source
gid://shopify/Product/10248531083594,PRODUCT,meta_description,de,outdated_translation,Shopify flags this translation as outdated vs current sv source
gid://shopify/Product/10248531083594,PRODUCT,meta_description,fi,outdated_translation,Shopify flags this translation as outdated vs current sv source
gid://shopify/Product/10248531116362,PRODUCT,meta_title,de,outdated_translation,Shopify flags this translation as outdated vs current sv source
gid://shopify/Product/10248531116362,PRODUCT,meta_title,fi,outdated_translation,Shopify flags this translation as outdated vs current sv source
gid://shopify/Product/10258074141002,PRODUCT,meta_description,de,outdated_translation,Shopify flags this translation as outdated vs current sv source
gid://shopify/Product/10258074141002,PRODUCT,meta_description,fi,outdated_translation,Shopify flags this translation as outdated vs current sv source
gid://shopify/Product/10258074206538,PRODUCT,meta_description,de,outdated_translation,Shopify flags this translation as outdated vs current sv source
gid://shopify/Product/10258074206538,PRODUCT,meta_description,fi,outdated_translation,Shopify flags this translation as outdated vs current sv source
gid://shopify/Product/10258077188426,PRODUCT,meta_title,de,outdated_translation,Shopify flags this translation as outdated vs current sv source
gid://shopify/Product/10258077188426,PRODUCT,meta_description,de,outdated_translation,Shopify flags this translation as outdated vs current sv source
gid://shopify/Product/10258077188426,PRODUCT,meta_title,fi,outdated_translation,Shopify flags this translation as outdated vs current sv source
gid://shopify/Product/10258077188426,PRODUCT,meta_description,fi,outdated_translation,Shopify flags this translation as outdated vs current sv source
gid://shopify/Product/10338505883978,PRODUCT,meta_description,de,outdated_translation,Shopify flags this translation as outdated vs current sv source
gid://shopify/Product/10338505883978,PRODUCT,meta_description,fi,outdated_translation,Shopify flags this translation as outdated vs current sv source
gid://shopify/Product/10338505982282,PRODUCT,meta_description,de,outdated_translation,Shopify flags this translation as outdated vs current sv source
gid://shopify/Product/10338505982282,PRODUCT,meta_description,fi,outdated_translation,Shopify flags this translation as outdated vs current sv source
gid://shopify/Product/10338506047818,PRODUCT,meta_description,de,outdated_translation,Shopify flags this translation as outdated vs current sv source
gid://shopify/Product/10338506047818,PRODUCT,meta_description,fi,outdated_translation,Shopify flags this translation as outdated vs current sv source
gid://shopify/Product/10338506080586,PRODUCT,meta_title,de,outdated_translation,Shopify flags this translation as outdated vs current sv source
gid://shopify/Product/10338506080586,PRODUCT,meta_description,de,outdated_translation,Shopify flags this translation as outdated vs current sv source
gid://shopify/Product/10338506080586,PRODUCT,meta_title,fi,outdated_translation,Shopify flags this translation as outdated vs current sv source
gid://shopify/Product/10338506080586,PRODUCT,meta_description,fi,outdated_translation,Shopify flags this translation as outdated vs current sv source
gid://shopify/Product/10338506113354,PRODUCT,meta_description,de,outdated_translation,Shopify flags this translation as outdated vs current sv source
gid://shopify/Product/10338506113354,PRODUCT,meta_description,fi,outdated_translation,Shopify flags this translation as outdated vs current sv source
gid://shopify/Product/10338506244426,PRODUCT,meta_title,de,outdated_translation,Shopify flags this translation as outdated vs current sv source
gid://shopify/Product/10338506244426,PRODUCT,meta_description,de,outdated_translation,Shopify flags this translation as outdated vs current sv source
gid://shopify/Product/10338506244426,PRODUCT,meta_title,fi,outdated_translation,Shopify flags this translation as outdated vs current sv source
gid://shopify/Product/10338506244426,PRODUCT,meta_description,fi,outdated_translation,Shopify flags this translation as outdated vs current sv source
gid://shopify/Product/10338506309962,PRODUCT,meta_description,de,outdated_translation,Shopify flags this translation as outdated vs current sv source
gid://shopify/Product/10338506309962,PRODUCT,meta_description,fi,outdated_translation,Shopify flags this translation as outdated vs current sv source
gid://shopify/Product/10338506342730,PRODUCT,meta_description,de,outdated_translation,Shopify flags this translation as outdated vs current sv source
gid://shopify/Product/10338506342730,PRODUCT,meta_description,fi,outdated_translation,Shopify flags this translation as outdated vs current sv source
gid://shopify/Product/10338506703178,PRODUCT,meta_description,de,outdated_translation,Shopify flags this translation as outdated vs current sv source
gid://shopify/Product/10338506703178,PRODUCT,meta_description,fi,outdated_translation,Shopify flags this translation as outdated vs current sv source
gid://shopify/Product/10338506735946,PRODUCT,meta_description,de,outdated_translation,Shopify flags this translation as outdated vs current sv source
gid://shopify/Product/10338506735946,PRODUCT,meta_description,fi,outdated_translation,Shopify flags this translation as outdated vs current sv source
gid://shopify/Product/10338506768714,PRODUCT,meta_description,de,outdated_translation,Shopify flags this translation as outdated vs current sv source
gid://shopify/Product/10338506768714,PRODUCT,meta_description,fi,outdated_translation,Shopify flags this translation as outdated vs current sv source
gid://shopify/Product/10338506801482,PRODUCT,meta_description,de,outdated_translation,Shopify flags this translation as outdated vs current sv source
gid://shopify/Product/10338506801482,PRODUCT,meta_description,fi,outdated_translation,Shopify flags this translation as outdated vs current sv source
gid://shopify/Product/10338508013898,PRODUCT,meta_description,de,outdated_translation,Shopify flags this translation as outdated vs current sv source
gid://shopify/Product/10338508013898,PRODUCT,meta_description,fi,outdated_translation,Shopify flags this translation as outdated vs current sv source
gid://shopify/Product/10338508046666,PRODUCT,meta_title,de,outdated_translation,Shopify flags this translation as outdated vs current sv source
gid://shopify/Product/10338508046666,PRODUCT,meta_description,de,outdated_translation,Shopify flags this translation as outdated vs current sv source
gid://shopify/Product/10338508046666,PRODUCT,meta_title,fi,outdated_translation,Shopify flags this translation as outdated vs current sv source
gid://shopify/Product/10338508046666,PRODUCT,meta_description,fi,outdated_translation,Shopify flags this translation as outdated vs current sv source
gid://shopify/Product/10338508079434,PRODUCT,meta_description,de,outdated_translation,Shopify flags this translation as outdated vs current sv source
gid://shopify/Product/10338508079434,PRODUCT,meta_description,fi,outdated_translation,Shopify flags this translation as outdated vs current sv source
gid://shopify/Product/10338508144970,PRODUCT,meta_description,de,outdated_translation,Shopify flags this translation as outdated vs current sv source
gid://shopify/Product/10338508144970,PRODUCT,meta_description,fi,outdated_translation,Shopify flags this translation as outdated vs current sv source
gid://shopify/Product/10338508276042,PRODUCT,meta_title,de,outdated_translation,Shopify flags this translation as outdated vs current sv source
gid://shopify/Product/10338508276042,PRODUCT,meta_description,de,outdated_translation,Shopify flags this translation as outdated vs current sv source
gid://shopify/Product/10338508276042,PRODUCT,meta_title,fi,outdated_translation,Shopify flags this translation as outdated vs current sv source
gid://shopify/Product/10338508276042,PRODUCT,meta_description,fi,outdated_translation,Shopify flags this translation as outdated vs current sv source
gid://shopify/Product/10351408152906,PRODUCT,meta_description,de,outdated_translation,Shopify flags this translation as outdated vs current sv source
gid://shopify/Product/10351408152906,PRODUCT,meta_description,fi,outdated_translation,Shopify flags this translation as outdated vs current sv source
gid://shopify/Product/15120960815434,PRODUCT,meta_title,de,outdated_translation,Shopify flags this translation as outdated vs current sv source
gid://shopify/Product/15120960815434,PRODUCT,meta_description,de,outdated_translation,Shopify flags this translation as outdated vs current sv source
gid://shopify/Product/15120960815434,PRODUCT,meta_title,fi,outdated_translation,Shopify flags this translation as outdated vs current sv source
gid://shopify/Product/15120960815434,PRODUCT,meta_description,fi,outdated_translation,Shopify flags this translation as outdated vs current sv source
gid://shopify/Product/15120960848202,PRODUCT,meta_title,de,outdated_translation,Shopify flags this translation as outdated vs current sv source
gid://shopify/Product/15120960848202,PRODUCT,meta_description,de,outdated_translation,Shopify flags this translation as outdated vs current sv source
gid://shopify/Product/15120960848202,PRODUCT,meta_title,fi,outdated_translation,Shopify flags this translation as outdated vs current sv source
gid://shopify/Product/15120960848202,PRODUCT,meta_description,fi,outdated_translation,Shopify flags this translation as outdated vs current sv source
gid://shopify/Product/15120960880970,PRODUCT,meta_title,de,outdated_translation,Shopify flags this translation as outdated vs current sv source
gid://shopify/Product/15120960880970,PRODUCT,meta_title,fi,outdated_translation,Shopify flags this translation as outdated vs current sv source
gid://shopify/Product/15120961044810,PRODUCT,meta_title,de,outdated_translation,Shopify flags this translation as outdated vs current sv source
gid://shopify/Product/15120961044810,PRODUCT,meta_title,fi,outdated_translation,Shopify flags this translation as outdated vs current sv source
gid://shopify/Product/15120961077578,PRODUCT,meta_title,de,outdated_translation,Shopify flags this translation as outdated vs current sv source
gid://shopify/Product/15120961077578,PRODUCT,meta_description,de,outdated_translation,Shopify flags this translation as outdated vs current sv source
gid://shopify/Product/15120961077578,PRODUCT,meta_title,fi,outdated_translation,Shopify flags this translation as outdated vs current sv source
gid://shopify/Product/15120961077578,PRODUCT,meta_description,fi,outdated_translation,Shopify flags this translation as outdated vs current sv source
gid://shopify/Product/15121021272394,PRODUCT,meta_title,de,outdated_translation,Shopify flags this translation as outdated vs current sv source
gid://shopify/Product/15121021272394,PRODUCT,meta_description,de,outdated_translation,Shopify flags this translation as outdated vs current sv source
gid://shopify/Product/15121021272394,PRODUCT,meta_title,fi,outdated_translation,Shopify flags this translation as outdated vs current sv source
gid://shopify/Product/15121021272394,PRODUCT,meta_description,fi,outdated_translation,Shopify flags this translation as outdated vs current sv source
gid://shopify/Product/15121021829450,PRODUCT,meta_title,de,outdated_translation,Shopify flags this translation as outdated vs current sv source
gid://shopify/Product/15121021829450,PRODUCT,meta_description,de,outdated_translation,Shopify flags this translation as outdated vs current sv source
gid://shopify/Product/15121021829450,PRODUCT,meta_title,fi,outdated_translation,Shopify flags this translation as outdated vs current sv source
gid://shopify/Product/15121021829450,PRODUCT,meta_description,fi,outdated_translation,Shopify flags this translation as outdated vs current sv source
gid://shopify/Product/15121021993290,PRODUCT,meta_title,de,outdated_translation,Shopify flags this translation as outdated vs current sv source
gid://shopify/Product/15121021993290,PRODUCT,meta_description,de,outdated_translation,Shopify flags this translation as outdated vs current sv source
gid://shopify/Product/15121021993290,PRODUCT,meta_title,fi,outdated_translation,Shopify flags this translation as outdated vs current sv source
gid://shopify/Product/15121021993290,PRODUCT,meta_description,fi,outdated_translation,Shopify flags this translation as outdated vs current sv source
gid://shopify/Product/15232364740938,PRODUCT,body_html,de,outdated_translation,Shopify flags this translation as outdated vs current sv source
gid://shopify/Product/15232364740938,PRODUCT,meta_title,de,outdated_translation,Shopify flags this translation as outdated vs current sv source
gid://shopify/Product/15232364740938,PRODUCT,meta_description,de,outdated_translation,Shopify flags this translation as outdated vs current sv source
gid://shopify/Product/15285289681226,PRODUCT,title,de,outdated_translation,Shopify flags this translation as outdated vs current sv source
gid://shopify/Product/15285289681226,PRODUCT,title,fi,outdated_translation,Shopify flags this translation as outdated vs current sv source
gid://shopify/Product/15297685815626,PRODUCT,meta_title,de,outdated_translation,Shopify flags this translation as outdated vs current sv source
gid://shopify/Product/15297685815626,PRODUCT,meta_description,de,outdated_translation,Shopify flags this translation as outdated vs current sv source
gid://shopify/Product/15297685815626,PRODUCT,meta_title,fi,outdated_translation,Shopify flags this translation as outdated vs current sv source
gid://shopify/Product/15297685815626,PRODUCT,meta_description,fi,outdated_translation,Shopify flags this translation as outdated vs current sv source
gid://shopify/Product/15297695613258,PRODUCT,meta_title,de,outdated_translation,Shopify flags this translation as outdated vs current sv source
gid://shopify/Product/15297695613258,PRODUCT,meta_description,de,outdated_translation,Shopify flags this translation as outdated vs current sv source
gid://shopify/Product/15297695613258,PRODUCT,meta_title,fi,outdated_translation,Shopify flags this translation as outdated vs current sv source
gid://shopify/Product/15297695613258,PRODUCT,meta_description,fi,outdated_translation,Shopify flags this translation as outdated vs current sv source
gid://shopify/Product/15297695842634,PRODUCT,meta_description,de,outdated_translation,Shopify flags this translation as outdated vs current sv source
gid://shopify/Product/15297695842634,PRODUCT,meta_description,fi,outdated_translation,Shopify flags this translation as outdated vs current sv source
gid://shopify/Product/15297696465226,PRODUCT,meta_title,de,outdated_translation,Shopify flags this translation as outdated vs current sv source
gid://shopify/Product/15297696465226,PRODUCT,meta_description,de,outdated_translation,Shopify flags this translation as outdated vs current sv source
gid://shopify/Product/15297696465226,PRODUCT,meta_title,fi,outdated_translation,Shopify flags this translation as outdated vs current sv source
gid://shopify/Product/15297696465226,PRODUCT,meta_description,fi,outdated_translation,Shopify flags this translation as outdated vs current sv source
gid://shopify/Product/15297697087818,PRODUCT,meta_title,de,outdated_translation,Shopify flags this translation as outdated vs current sv source
gid://shopify/Product/15297697087818,PRODUCT,meta_description,de,outdated_translation,Shopify flags this translation as outdated vs current sv source
gid://shopify/Product/15297697087818,PRODUCT,meta_title,fi,outdated_translation,Shopify flags this translation as outdated vs current sv source
gid://shopify/Product/15297697087818,PRODUCT,meta_description,fi,outdated_translation,Shopify flags this translation as outdated vs current sv source
gid://shopify/Product/15297697448266,PRODUCT,meta_description,de,outdated_translation,Shopify flags this translation as outdated vs current sv source
gid://shopify/Product/15297697448266,PRODUCT,meta_title,fi,outdated_translation,Shopify flags this translation as outdated vs current sv source
gid://shopify/Product/15297697448266,PRODUCT,meta_description,fi,outdated_translation,Shopify flags this translation as outdated vs current sv source
gid://shopify/Product/15297698103626,PRODUCT,meta_description,de,outdated_translation,Shopify flags this translation as outdated vs current sv source
gid://shopify/Product/15297698103626,PRODUCT,meta_description,fi,outdated_translation,Shopify flags this translation as outdated vs current sv source
gid://shopify/Product/15308703465802,PRODUCT,meta_title,de,outdated_translation,Shopify flags this translation as outdated vs current sv source
gid://shopify/Product/15308703465802,PRODUCT,meta_title,fi,outdated_translation,Shopify flags this translation as outdated vs current sv source
gid://shopify/Product/15311531245898,PRODUCT,product_type,de,outdated_translation,Shopify flags this translation as outdated vs current sv source
gid://shopify/Product/15311531245898,PRODUCT,meta_title,de,outdated_translation,Shopify flags this translation as outdated vs current sv source
gid://shopify/Product/15311531245898,PRODUCT,meta_description,de,outdated_translation,Shopify flags this translation as outdated vs current sv source
gid://shopify/Product/15311531245898,PRODUCT,meta_title,fi,outdated_translation,Shopify flags this translation as outdated vs current sv source
gid://shopify/Product/15311531245898,PRODUCT,meta_description,fi,outdated_translation,Shopify flags this translation as outdated vs current sv source
gid://shopify/Product/15391008948554,PRODUCT,product_type,de,outdated_translation,Shopify flags this translation as outdated vs current sv source
gid://shopify/Product/15391008948554,PRODUCT,product_type,fi,outdated_translation,Shopify flags this translation as outdated vs current sv source
gid://shopify/Product/15394707341642,PRODUCT,meta_title,de,outdated_translation,Shopify flags this translation as outdated vs current sv source
gid://shopify/Product/15394707341642,PRODUCT,meta_description,de,outdated_translation,Shopify flags this translation as outdated vs current sv source
gid://shopify/Product/15394707341642,PRODUCT,meta_title,fi,outdated_translation,Shopify flags this translation as outdated vs current sv source
gid://shopify/Product/15394707341642,PRODUCT,meta_description,fi,outdated_translation,Shopify flags this translation as outdated vs current sv source
gid://shopify/Product/15394712289610,PRODUCT,meta_description,de,outdated_translation,Shopify flags this translation as outdated vs current sv source
gid://shopify/Product/15394712289610,PRODUCT,meta_description,fi,outdated_translation,Shopify flags this translation as outdated vs current sv source
gid://shopify/Product/15394719531338,PRODUCT,meta_title,de,outdated_translation,Shopify flags this translation as outdated vs current sv source
gid://shopify/Product/15394719531338,PRODUCT,meta_description,de,outdated_translation,Shopify flags this translation as outdated vs current sv source
gid://shopify/Product/15394719531338,PRODUCT,meta_title,fi,outdated_translation,Shopify flags this translation as outdated vs current sv source
gid://shopify/Product/15394719531338,PRODUCT,meta_description,fi,outdated_translation,Shopify flags this translation as outdated vs current sv source
gid://shopify/Product/15394719564106,PRODUCT,meta_title,de,outdated_translation,Shopify flags this translation as outdated vs current sv source
gid://shopify/Product/15394719564106,PRODUCT,meta_description,de,outdated_translation,Shopify flags this translation as outdated vs current sv source
gid://shopify/Product/15394719564106,PRODUCT,meta_title,fi,outdated_translation,Shopify flags this translation as outdated vs current sv source
gid://shopify/Product/15394719564106,PRODUCT,meta_description,fi,outdated_translation,Shopify flags this translation as outdated vs current sv source
gid://shopify/Product/15394719596874,PRODUCT,meta_title,de,outdated_translation,Shopify flags this translation as outdated vs current sv source
gid://shopify/Product/15394719596874,PRODUCT,meta_description,de,outdated_translation,Shopify flags this translation as outdated vs current sv source
gid://shopify/Product/15394719596874,PRODUCT,meta_title,fi,outdated_translation,Shopify flags this translation as outdated vs current sv source
gid://shopify/Product/15394719596874,PRODUCT,meta_description,fi,outdated_translation,Shopify flags this translation as outdated vs current sv source
gid://shopify/Product/15421723050314,PRODUCT,meta_title,de,outdated_translation,Shopify flags this translation as outdated vs current sv source
gid://shopify/Product/15421723050314,PRODUCT,meta_description,de,outdated_translation,Shopify flags this translation as outdated vs current sv source
gid://shopify/Product/15421723050314,PRODUCT,meta_title,fi,outdated_translation,Shopify flags this translation as outdated vs current sv source
gid://shopify/Product/15421723050314,PRODUCT,meta_description,fi,outdated_translation,Shopify flags this translation as outdated vs current sv source
gid://shopify/Product/15421727801674,PRODUCT,meta_title,de,outdated_translation,Shopify flags this translation as outdated vs current sv source
gid://shopify/Product/15421727801674,PRODUCT,meta_description,de,outdated_translation,Shopify flags this translation as outdated vs current sv source
gid://shopify/Product/15421727801674,PRODUCT,meta_title,fi,outdated_translation,Shopify flags this translation as outdated vs current sv source
gid://shopify/Product/15421727801674,PRODUCT,meta_description,fi,outdated_translation,Shopify flags this translation as outdated vs current sv source
gid://shopify/Product/15421728194890,PRODUCT,meta_title,de,outdated_translation,Shopify flags this translation as outdated vs current sv source
gid://shopify/Product/15421728194890,PRODUCT,meta_description,de,outdated_translation,Shopify flags this translation as outdated vs current sv source
gid://shopify/Product/15421728194890,PRODUCT,meta_title,fi,outdated_translation,Shopify flags this translation as outdated vs current sv source
gid://shopify/Product/15421728194890,PRODUCT,meta_description,fi,outdated_translation,Shopify flags this translation as outdated vs current sv source
gid://shopify/Product/15487664488778,PRODUCT,meta_description,de,outdated_translation,Shopify flags this translation as outdated vs current sv source
gid://shopify/Product/15487664488778,PRODUCT,meta_description,fi,outdated_translation,Shopify flags this translation as outdated vs current sv source
gid://shopify/Product/15487665045834,PRODUCT,meta_description,de,outdated_translation,Shopify flags this translation as outdated vs current sv source
gid://shopify/Product/15487665045834,PRODUCT,meta_description,fi,outdated_translation,Shopify flags this translation as outdated vs current sv source
gid://shopify/Product/15487665078602,PRODUCT,meta_description,de,outdated_translation,Shopify flags this translation as outdated vs current sv source
gid://shopify/Product/15487665078602,PRODUCT,meta_title,fi,outdated_translation,Shopify flags this translation as outdated vs current sv source
gid://shopify/Product/15487665078602,PRODUCT,meta_description,fi,outdated_translation,Shopify flags this translation as outdated vs current sv source
gid://shopify/Product/15487665275210,PRODUCT,meta_title,de,outdated_translation,Shopify flags this translation as outdated vs current sv source
gid://shopify/Product/15487665275210,PRODUCT,meta_title,fi,outdated_translation,Shopify flags this translation as outdated vs current sv source
gid://shopify/Product/15487666454858,PRODUCT,meta_title,de,outdated_translation,Shopify flags this translation as outdated vs current sv source
gid://shopify/Product/15487666454858,PRODUCT,meta_description,de,outdated_translation,Shopify flags this translation as outdated vs current sv source
gid://shopify/Product/15487666454858,PRODUCT,meta_title,fi,outdated_translation,Shopify flags this translation as outdated vs current sv source
gid://shopify/Product/15487666454858,PRODUCT,meta_description,fi,outdated_translation,Shopify flags this translation as outdated vs current sv source
gid://shopify/Product/15487666946378,PRODUCT,meta_title,de,outdated_translation,Shopify flags this translation as outdated vs current sv source
gid://shopify/Product/15487666946378,PRODUCT,meta_description,de,outdated_translation,Shopify flags this translation as outdated vs current sv source
gid://shopify/Product/15487666946378,PRODUCT,meta_title,fi,outdated_translation,Shopify flags this translation as outdated vs current sv source
gid://shopify/Product/15487666946378,PRODUCT,meta_description,fi,outdated_translation,Shopify flags this translation as outdated vs current sv source
gid://shopify/Product/15487667601738,PRODUCT,meta_description,de,outdated_translation,Shopify flags this translation as outdated vs current sv source
gid://shopify/Product/15487667601738,PRODUCT,meta_description,fi,outdated_translation,Shopify flags this translation as outdated vs current sv source
gid://shopify/Product/15487668191562,PRODUCT,title,de,outdated_translation,Shopify flags this translation as outdated vs current sv source
gid://shopify/Product/15487668191562,PRODUCT,title,fi,outdated_translation,Shopify flags this translation as outdated vs current sv source
gid://shopify/Product/15487668191562,PRODUCT,meta_title,fi,outdated_translation,Shopify flags this translation as outdated vs current sv source
gid://shopify/Product/15487668224330,PRODUCT,meta_description,de,outdated_translation,Shopify flags this translation as outdated vs current sv source
gid://shopify/Product/15534550352202,PRODUCT,meta_description,de,outdated_translation,Shopify flags this translation as outdated vs current sv source
gid://shopify/Product/15534550352202,PRODUCT,meta_description,fi,outdated_translation,Shopify flags this translation as outdated vs current sv source
gid://shopify/Product/15534550384970,PRODUCT,meta_description,de,outdated_translation,Shopify flags this translation as outdated vs current sv source
gid://shopify/Product/15534550384970,PRODUCT,meta_description,fi,outdated_translation,Shopify flags this translation as outdated vs current sv source
gid://shopify/Product/15534593900874,PRODUCT,body_html,de,outdated_translation,Shopify flags this translation as outdated vs current sv source
gid://shopify/Product/15534593900874,PRODUCT,meta_description,de,outdated_translation,Shopify flags this translation as outdated vs current sv source
gid://shopify/Product/15534593900874,PRODUCT,body_html,fi,outdated_translation,Shopify flags this translation as outdated vs current sv source
gid://shopify/Product/15534593900874,PRODUCT,meta_description,fi,outdated_translation,Shopify flags this translation as outdated vs current sv source
gid://shopify/Product/15569728864586,PRODUCT,meta_description,de,outdated_translation,Shopify flags this translation as outdated vs current sv source
gid://shopify/Product/15569728864586,PRODUCT,meta_description,fi,outdated_translation,Shopify flags this translation as outdated vs current sv source
gid://shopify/Collection/640910098762,COLLECTION,meta_description,de,outdated_translation,Shopify flags this translation as outdated vs current sv source
gid://shopify/Collection/640910098762,COLLECTION,meta_description,fi,outdated_translation,Shopify flags this translation as outdated vs current sv source
gid://shopify/Collection/641079869770,COLLECTION,meta_title,de,outdated_translation,Shopify flags this translation as outdated vs current sv source
gid://shopify/Collection/641079869770,COLLECTION,meta_description,de,outdated_translation,Shopify flags this translation as outdated vs current sv source
gid://shopify/Collection/641079869770,COLLECTION,meta_title,fi,outdated_translation,Shopify flags this translation as outdated vs current sv source
gid://shopify/Collection/641079869770,COLLECTION,meta_description,fi,outdated_translation,Shopify flags this translation as outdated vs current sv source
gid://shopify/Collection/641688830282,COLLECTION,meta_description,de,outdated_translation,Shopify flags this translation as outdated vs current sv source
gid://shopify/Collection/641688830282,COLLECTION,meta_description,fi,outdated_translation,Shopify flags this translation as outdated vs current sv source
gid://shopify/Collection/645990154570,COLLECTION,body_html,de,outdated_translation,Shopify flags this translation as outdated vs current sv source
gid://shopify/Collection/645990154570,COLLECTION,body_html,fi,outdated_translation,Shopify flags this translation as outdated vs current sv source
gid://shopify/Collection/648156709194,COLLECTION,meta_title,de,outdated_translation,Shopify flags this translation as outdated vs current sv source
gid://shopify/Collection/648156709194,COLLECTION,meta_description,de,outdated_translation,Shopify flags this translation as outdated vs current sv source
gid://shopify/Collection/648156709194,COLLECTION,meta_title,fi,outdated_translation,Shopify flags this translation as outdated vs current sv source
gid://shopify/Collection/648156709194,COLLECTION,meta_description,fi,outdated_translation,Shopify flags this translation as outdated vs current sv source
gid://shopify/Collection/653366690122,COLLECTION,body_html,de,outdated_translation,Shopify flags this translation as outdated vs current sv source
gid://shopify/Collection/653366690122,COLLECTION,body_html,fi,outdated_translation,Shopify flags this translation as outdated vs current sv source
gid://shopify/Collection/654449049930,COLLECTION,meta_description,de,outdated_translation,Shopify flags this translation as outdated vs current sv source
gid://shopify/Collection/654449049930,COLLECTION,meta_description,fi,outdated_translation,Shopify flags this translation as outdated vs current sv source
gid://shopify/Collection/688266150218,COLLECTION,title,de,outdated_translation,Shopify flags this translation as outdated vs current sv source
gid://shopify/Collection/690871763274,COLLECTION,title,de,outdated_translation,Shopify flags this translation as outdated vs current sv source
gid://shopify/Collection/690871763274,COLLECTION,body_html,de,outdated_translation,Shopify flags this translation as outdated vs current sv source
gid://shopify/Collection/690871763274,COLLECTION,meta_description,de,outdated_translation,Shopify flags this translation as outdated vs current sv source
gid://shopify/Collection/690871763274,COLLECTION,body_html,fi,outdated_translation,Shopify flags this translation as outdated vs current sv source
gid://shopify/Collection/690871763274,COLLECTION,meta_description,fi,outdated_translation,Shopify flags this translation as outdated vs current sv source
gid://shopify/Collection/696851595594,COLLECTION,title,de,outdated_translation,Shopify flags this translation as outdated vs current sv source
gid://shopify/Collection/698279657802,COLLECTION,meta_description,de,outdated_translation,Shopify flags this translation as outdated vs current sv source
gid://shopify/Collection/698279657802,COLLECTION,meta_description,fi,outdated_translation,Shopify flags this translation as outdated vs current sv source
gid://shopify/Collection/714768253258,COLLECTION,meta_title,de,outdated_translation,Shopify flags this translation as outdated vs current sv source
gid://shopify/Collection/714768253258,COLLECTION,meta_description,de,outdated_translation,Shopify flags this translation as outdated vs current sv source
gid://shopify/Collection/714768253258,COLLECTION,meta_title,fi,outdated_translation,Shopify flags this translation as outdated vs current sv source
gid://shopify/Collection/714768253258,COLLECTION,meta_description,fi,outdated_translation,Shopify flags this translation as outdated vs current sv source
gid://shopify/Article/670355063114,ARTICLE,meta_title,de,outdated_translation,Shopify flags this translation as outdated vs current sv source
gid://shopify/Article/670355063114,ARTICLE,meta_title,fi,outdated_translation,Shopify flags this translation as outdated vs current sv source
gid://shopify/Article/999975027018,ARTICLE,meta_description,de,outdated_translation,Shopify flags this translation as outdated vs current sv source
gid://shopify/Article/1000019231050,ARTICLE,body_html,de,outdated_translation,Shopify flags this translation as outdated vs current sv source
gid://shopify/Article/1000019231050,ARTICLE,meta_description,de,outdated_translation,Shopify flags this translation as outdated vs current sv source
gid://shopify/Article/1000019231050,ARTICLE,body_html,fi,outdated_translation,Shopify flags this translation as outdated vs current sv source
gid://shopify/Article/1000061206858,ARTICLE,meta_description,de,outdated_translation,Shopify flags this translation as outdated vs current sv source
gid://shopify/Article/1000122679626,ARTICLE,meta_description,de,outdated_translation,Shopify flags this translation as outdated vs current sv source
gid://shopify/Article/1000131133770,ARTICLE,meta_description,de,outdated_translation,Shopify flags this translation as outdated vs current sv source
gid://shopify/Article/1000136114506,ARTICLE,body_html,de,outdated_translation,Shopify flags this translation as outdated vs current sv source
gid://shopify/Article/1000136114506,ARTICLE,summary_html,de,outdated_translation,Shopify flags this translation as outdated vs current sv source
gid://shopify/Article/1000136114506,ARTICLE,body_html,fi,outdated_translation,Shopify flags this translation as outdated vs current sv source
gid://shopify/Article/1000136114506,ARTICLE,summary_html,fi,outdated_translation,Shopify flags this translation as outdated vs current sv source
gid://shopify/Article/1000212005194,ARTICLE,body_html,de,outdated_translation,Shopify flags this translation as outdated vs current sv source
gid://shopify/Article/1000212005194,ARTICLE,body_html,fi,outdated_translation,Shopify flags this translation as outdated vs current sv source
gid://shopify/Article/1000336720202,ARTICLE,body_html,de,outdated_translation,Shopify flags this translation as outdated vs current sv source
gid://shopify/Article/1000336720202,ARTICLE,body_html,fi,outdated_translation,Shopify flags this translation as outdated vs current sv source
gid://shopify/Article/1000470413642,ARTICLE,meta_description,de,outdated_translation,Shopify flags this translation as outdated vs current sv source
gid://shopify/Article/1000470413642,ARTICLE,meta_description,fi,outdated_translation,Shopify flags this translation as outdated vs current sv source
gid://shopify/Article/1000634057034,ARTICLE,body_html,de,outdated_translation,Shopify flags this translation as outdated vs current sv source
gid://shopify/Article/1000634057034,ARTICLE,meta_description,de,outdated_translation,Shopify flags this translation as outdated vs current sv source
gid://shopify/Article/1000634057034,ARTICLE,body_html,fi,outdated_translation,Shopify flags this translation as outdated vs current sv source
gid://shopify/Article/1000831385930,ARTICLE,body_html,de,outdated_translation,Shopify flags this translation as outdated vs current sv source
gid://shopify/Article/1000831385930,ARTICLE,body_html,fi,outdated_translation,Shopify flags this translation as outdated vs current sv source
gid://shopify/Article/1000995488074,ARTICLE,body_html,de,outdated_translation,Shopify flags this translation as outdated vs current sv source
gid://shopify/Article/1000995488074,ARTICLE,body_html,fi,outdated_translation,Shopify flags this translation as outdated vs current sv source
gid://shopify/Article/1001096872266,ARTICLE,body_html,de,outdated_translation,Shopify flags this translation as outdated vs current sv source
gid://shopify/Article/1001096872266,ARTICLE,body_html,fi,outdated_translation,Shopify flags this translation as outdated vs current sv source
gid://shopify/Article/1001325953354,ARTICLE,body_html,de,outdated_translation,Shopify flags this translation as outdated vs current sv source
gid://shopify/Article/1001325953354,ARTICLE,body_html,fi,outdated_translation,Shopify flags this translation as outdated vs current sv source
gid://shopify/Article/1001347154250,ARTICLE,body_html,de,outdated_translation,Shopify flags this translation as outdated vs current sv source
gid://shopify/Article/1001347154250,ARTICLE,body_html,fi,outdated_translation,Shopify flags this translation as outdated vs current sv source
gid://shopify/Article/1001799483722,ARTICLE,body_html,de,outdated_translation,Shopify flags this translation as outdated vs current sv source
gid://shopify/Article/1001799483722,ARTICLE,body_html,fi,outdated_translation,Shopify flags this translation as outdated vs current sv source
gid://shopify/Article/1002781737290,ARTICLE,meta_title,de,outdated_translation,Shopify flags this translation as outdated vs current sv source
gid://shopify/Article/1002781737290,ARTICLE,meta_description,de,outdated_translation,Shopify flags this translation as outdated vs current sv source
gid://shopify/Article/1002781737290,ARTICLE,meta_title,fi,outdated_translation,Shopify flags this translation as outdated vs current sv source
gid://shopify/Article/1002781737290,ARTICLE,meta_description,fi,outdated_translation,Shopify flags this translation as outdated vs current sv source
